n,mae,mse,rmse,r2,bias,high_37.5_n,high_37.5_mae,high_37.5_rmse,high_75_n,high_75_mae,high_75_rmse,station_id
987,9.459875843807557,250.84537769041745,15.838098929177626,0.5557063465694363,-4.896730078993839,196,26.222617391116763,32.051974609983425,91,34.587183476149384,40.02066821895456,1
987,7.622161649280768,97.62326336918196,9.880448540890335,0.20508885381912034,-3.9165778541758187,315,12.291147019371154,14.437675828040556,0,,,2
987,12.933011961910259,307.61176523718717,17.53886442268105,-0.09025780237255288,0.8489016608354893,588,13.2779607089097,18.643886692697198,56,43.221398514296325,45.39403849015647,3
987,8.785340617492931,132.6935125764891,11.519267015591273,0.23983402535309306,-3.6556760929034233,371,13.515339088247151,16.224836728116664,7,34.98552605084011,35.917663619504246,4
987,9.069375214907657,155.10414157730116,12.454081322092817,-0.07093281522071004,-0.7711197567203487,357,11.678028651061846,15.99691984481836,21,36.85467955612001,38.234739539650334,5
861,8.212523749550321,130.9681792044911,11.444132959927156,0.4303685884526469,-4.28533198768392,248,15.272158389129947,18.50388152315854,7,37.0347912141255,38.460734082664466,7
987,6.607009811664667,72.72660048213527,8.527989240268498,0.3299777875446992,-1.7700088323068475,308,9.95235303150756,11.944645599994072,0,,,8
987,11.095683249734575,341.71336494382933,18.485490660077957,0.4205067994170473,-4.907987090818425,259,25.459058639740853,32.51426890035036,119,38.38769003498454,44.094500905069765,9
987,14.020179167767305,653.3416424076197,25.560548554513062,0.5515315795263385,-9.79408143628332,210,41.125799368960514,52.686313302647505,133,55.56547008062664,64.2445130236027,10
987,9.375269054279501,380.4316163652241,19.50465627395736,0.653577060547183,-7.230518559192089,140,42.90967282993453,50.17693234780082,112,47.69028671298708,54.423707487707766,11
987,10.004698519588363,337.6200242748317,18.374439427499052,0.6362253327071661,-5.6173548184508855,182,30.479899183406935,39.3578926462445,112,39.07443253323436,47.6101080380493,12
987,12.925506684253522,503.25613042334146,22.433370910840427,0.47197665926582344,-7.897540756090796,280,30.0171629643866,39.67386907044751,140,47.799151812280925,53.913215515987574,14
987,9.518923930000993,151.27673183714538,12.299460631960468,-0.02722375232301255,-1.3194656416758699,385,12.275550917061892,15.321626314624133,7,35.30414597477232,35.78536679983035,15
987,10.987546505476324,319.94055575850547,17.886882225768286,0.4832134412812664,-5.548072488293459,259,25.145476291538667,31.43578098667839,126,37.309239189776164,41.52053225159089,16
694,7.336116089858652,96.3637993188947,9.816506472207651,0.4889473562268686,-2.5159066117634348,267,11.074380899859724,13.655065602837297,7,23.31767681666783,25.570347311062203,17
987,8.357638338718491,125.64471350222,11.209135270047373,0.2886387305559168,-3.009215948369124,392,11.809130769451054,15.125753988809445,21,32.58734159810202,34.040818103881456,18
987,10.587916628809564,258.5847694962027,16.080571180657817,0.45551298330932743,-6.005526354730794,315,19.95733418388972,25.919885961169083,105,35.143689982664014,39.03333059165021,19
987,11.016865955961995,312.65589734606226,17.68207842268726,0.4903421354835351,-5.8207587557481535,266,25.461988171912672,31.32343195806136,112,38.99159039823072,42.84801914904911,20
987,8.221690339542993,116.97297615996965,10.815404576804774,0.17019377461649554,0.3640628601778242,392,9.642857647881064,12.535346025417843,7,26.954717763832637,28.607451062892867,21
980,7.618948195981128,92.75107415791129,9.630735909467733,-0.01777970386149641,1.1271807390664306,343,8.853703679413734,10.817343984698356,0,,,22
987,7.263752212428998,89.13963037697567,9.441378626926031,-0.09294274593280138,-2.07623205023696,378,9.512758525591048,11.966673991621905,0,,,23
987,7.286747699326023,88.70296240299862,9.418225013398152,0.06518622003226648,-0.16594348233023312,378,8.936584678907243,11.245202846768272,0,,,24
987,7.789589670427302,111.97364566345979,10.581760045637957,0.0016045903371241232,-1.3954768675589875,434,9.585447955275736,12.80782113896063,0,,,25
987,8.342402121684351,112.3260834082693,10.598400040018744,0.266239662366511,-0.3168576702611425,385,9.939447230642491,12.358638201053893,7,26.164170128958567,30.044717299742995,26
987,8.599408485999344,116.00430603614252,10.770529515123318,0.23493744159096341,1.2086109449556655,322,10.089975136939598,12.571532492889567,0,,,28
451,8.134197982990425,112.55478709457101,10.609184091840946,-0.022718333010462555,0.1372494988490367,98,12.140726239705572,14.326549367386038,0,,,29
987,7.312328950551989,84.06713366082042,9.168813099895777,-0.13737792452953568,0.3507446551123651,301,9.212475660062113,11.092993275799579,0,,,30
987,6.470468329863949,66.14038175147257,8.132673714804534,0.299464484630683,2.320683951405648,357,6.227140554151282,7.7552614809346805,0,,,31
987,9.185517385194366,130.57917839579457,11.427124677529102,0.16360583887126356,1.0254702895064485,455,9.584790711284993,11.821164570218926,0,,,32
987,9.547530193442315,142.35671031690484,11.931333132425095,0.18730281717740527,2.406733506512965,343,10.780859704425357,13.433126041839383,7,22.381580182484218,24.87488097671396,33
987,8.561852267312062,116.67399092402978,10.801573539259444,0.044374655022946685,1.0764625596359991,245,11.825425606692324,14.056395090321205,0,,,34
987,8.469467235878186,114.34664713995721,10.69329917003902,0.23126021845590705,-0.0872491397107022,231,13.07651438212498,15.292561378988037,0,,,35
861,8.917981356406166,134.09738898990216,11.580042702421359,0.22937261016219035,-1.7278668381572289,245,14.412531437823663,17.13030627800233,0,,,36
987,10.002632071899123,154.5464616687111,12.431671716575815,0.13160034340627624,3.3799343696496287,294,10.336507872481938,13.017819379498158,0,,,37
987,7.761740396933473,99.67167994784909,9.983570500970536,0.3897860434726993,-2.4090834438136524,301,11.133761334656876,13.415793011759776,0,,,38
987,7.140402769935982,82.47548184196637,9.081601281820644,0.16845710451965823,-0.09707323989048676,189,12.062798665373256,14.080625318279374,0,,,39
987,6.528255920702443,73.50923023265375,8.57375240094171,-0.22061904332940507,-0.16331887927581956,70,15.265422305038998,16.965228025433756,0,,,40
987,6.133541966644102,63.00505884458783,7.937572604051432,0.03388510258545796,-0.6949393645366757,84,14.621507101115727,16.319875605419924,0,,,41
987,9.278590284540812,138.7770368644826,11.780366584469373,-0.29855610256881926,2.3713390041697533,133,12.84050039846198,15.468633443881172,0,,,43
987,8.725289074347375,124.00675863398935,11.135832193149705,0.15044556161882228,0.5746277612695336,210,13.661416282150007,15.970986177803384,0,,,44
987,6.518622856145572,67.01861476613863,8.186489770722163,0.001761686709777499,0.4189639228349882,175,10.971211753296,12.688812390306545,0,,,45
987,3.9428688121059383,25.466988325853073,5.0464827678149335,-0.21697442650875076,-1.058133588735818,0,,,0,,,48
987,4.382933943527689,31.5238402595848,5.61460953758895,-0.1468887616779062,-0.9057903603217522,7,16.863435438701085,16.95215644453612,0,,,50
987,3.945662737496597,25.954675232665206,5.094573115842505,-0.22350246404745322,-1.2942173105363546,0,,,0,,,51
987,3.4236839704117394,19.093098478999206,4.369565021715458,-0.11610811317765224,-1.3025253736984888,0,,,0,,,52
412,4.08719911303335,27.52892033511111,5.246800962025443,-0.8334417683229363,-2.725471665268963,0,,,0,,,53
987,4.815302996106423,41.53716783576945,6.444933501268221,-0.3877481785247934,-0.45795688954047037,14,20.91933184862137,21.400123513763315,0,,,54
987,3.804192724078139,26.32556420421564,5.130844394855066,-0.6454208201850615,-1.7236432392667251,0,,,0,,,55
987,7.26542360303129,78.73322768636149,8.873174611510892,-0.03861763109367922,0.6722176484725879,259,9.33174180046702,10.729128606888152,0,,,56
987,6.710396116272959,73.02627149989434,8.545541030262177,0.08529991960195804,0.49397999375092344,280,8.335067341183978,10.06373569721695,0,,,57
987,6.59471872373434,69.49118116444649,8.336137064878821,-0.03770565625764366,-1.2194074694871178,217,9.408522874528911,11.237280349436164,0,,,58
987,9.700450121027842,149.62679082998207,12.232203024393524,0.11486006581796115,-3.0326735313298614,244,16.712414616688353,18.56283423521218,0,,,59
987,8.826711276427229,123.61038217270074,11.118020604977342,0.09924668775611589,-1.404290251652762,455,10.446459295985463,12.572476040447015,0,,,60
987,9.172943706057113,131.3201940661104,11.459502348100042,0.13566714832095328,-1.17117096051921,476,10.556496256884156,12.673617138799342,7,29.813904281173432,30.637973145593207,61
867,7.312352247226816,89.93697843285538,9.483510870603533,0.1565185390411714,1.0704496700613144,224,9.4416868322795,11.227388821614234,0,,,62
987,4.110190219309072,27.938866361195615,5.285722879720012,-0.2047276715885189,-0.6598349103086988,0,,,0,,,63
987,4.841491619443942,39.09280027835958,6.252423552380275,-0.09976366526580605,-0.40586145942334345,21,15.095701461746579,15.824636886572783,0,,,64
861,3.7757786451454916,27.990902318815948,5.290642902220481,-0.3148499323045657,-2.046745737116788,7,24.040155376706803,24.13253771712054,0,,,65
987,4.041395754316537,27.39674835333816,5.2341903245237615,-0.26354302117832873,-0.9992117893852844,0,,,0,,,67
987,3.946894971070681,26.242118230779848,5.122706143317207,-0.41066972550107494,-0.36791726690174476,0,,,0,,,68
987,2.9090878893418393,15.812283879535258,3.9764662552994534,-0.31288531642260553,-0.8124771864580891,0,,,0,,,69
987,8.820697147614325,126.10121247902207,11.229479617463227,0.09971357992003593,-1.6930552310977423,252,14.734802925634005,16.81474829697949,0,,,70
987,11.82847217332266,196.20265261323692,14.007235723483664,0.1073862727878987,-0.5432618147454846,405,13.741661283263454,15.61448323455951,0,,,71
987,11.595571359149591,189.48988499330895,13.765532499446179,0.10882437668561995,-0.8996719235767588,412,13.676231960793144,15.574908179432105,0,,,72
987,9.460969317285485,132.11006246253612,11.493914148910985,0.20886928487875445,0.00794324722695858,273,12.334668424976615,14.246835290877662,0,,,73
987,11.580011358739394,208.22522035055368,14.430011100153516,0.2133479996641372,-3.0401471987321385,329,17.073897960519357,19.457841070580407,0,,,74
987,11.933842083301467,219.5060528352331,14.815736661915704,0.27608074239427727,-2.2465459021995375,335,17.279781483892183,19.859128953210167,0,,,75
987,9.273371950229734,145.44524162585066,12.060068060581195,0.20226786191186563,-2.4137026168171998,245,14.848181261821669,17.84701064429004,0,,,76
987,8.748313320443986,136.871307435326,11.699201145177648,0.3909200997256588,-3.1691571373828396,329,13.966188770659427,17.106635274183162,28,27.748218089342117,29.903632500162562,77
861,10.062679519359797,166.32062114620197,12.896535238047543,0.34235169703661295,-5.0167028010929915,315,15.904373784670755,18.33877707980808,28,30.67092318194253,31.284971926977647,78
987,8.839311702212784,132.78699293852006,11.523323866772124,0.32617971366431864,-0.6701283620966725,189,16.12942558905435,19.113225345364405,7,34.88860641207014,36.04125113191275,79
987,9.033774986213947,131.78854828143844,11.479919349953573,0.23065685886013276,-1.1338726690354197,294,12.995972289114583,15.72271712266338,0,,,80
773,14.346516386619053,307.7012107251163,17.5414141597853,0.14868447206779867,-2.6325422029214565,501,14.05790528506338,17.751624730169393,56,31.096674689224788,33.07250506647641,81
987,8.830399138586861,128.53200488314715,11.337195635744633,0.2930218406663392,-2.069510232351471,175,18.136715525218417,20.22393343963383,0,,,82
987,9.013640002639098,129.9873091334652,11.40119770609497,0.25524096725681156,-2.2553529293703813,203,16.952475730421508,18.9342350081442,0,,,83
987,4.927494225470611,39.94070650251446,6.31986601934839,-0.2169090804560625,-1.4092411709290749,0,,,0,,,85
987,4.4288438124980365,30.75690907745886,5.545891188750359,-0.28209614066179056,-1.3516715428024801,0,,,0,,,86
987,4.224360427354003,33.324396374016686,5.772728676632627,-0.4693993801430152,-2.3034676060971275,0,,,0,,,88
861,3.4240785798406215,20.682002983153385,4.547747022774396,-0.37671393744243176,-1.732637195083184,0,,,0,,,89
862,3.236195578237697,19.240857478729822,4.386440182964977,-0.3980046940888282,-1.6271621128522602,0,,,0,,,90
987,4.023724750544887,29.419343828890895,5.423960161071511,-0.8472045726162072,-2.7717931928847217,0,,,0,,,91
987,9.572347081510733,207.71233085992898,14.41222851816918,0.623418983371483,-3.6152307980872216,490,12.896536247219359,18.532532039814686,119,29.255157989113272,33.26080857939656,95
987,9.826028948489354,277.8243264901294,16.668063069538984,0.6404600703073335,-4.234219405464186,217,26.055078620940858,32.84164694522509,119,35.91757238023922,41.37873167202605,96
987,8.150847481316466,114.36018811428539,10.693932303614297,-0.11583599261338606,-0.12074253183488547,266,11.421122107962917,14.322401071120035,0,,,97
987,7.002169733955746,81.1096471428622,9.006089447860386,0.03216535180364477,-0.10265192184163202,343,8.931316013065093,11.075361470778711,0,,,98
987,9.073844943908934,123.47674589104676,11.112009084366642,0.2334436500314011,-0.8417925358180942,307,12.331074677577625,14.36554464130596,0,,,100
987,11.653471930109138,362.9616301961222,19.05155191043822,0.2972256599876286,-7.670784524327716,266,27.602669564853038,34.731980788842435,84,50.25406337777773,54.24016148557655,101
987,3.2737014174099026,17.32999172608449,4.162930665538941,-0.17376664556299737,-0.9564563987706811,0,,,0,,,103
987,9.971968821056466,149.18896493936458,12.21429346869333,0.15973770093251405,3.597258218999088,294,10.431321547955882,12.643071699516298,0,,,104
987,10.56566549551493,170.05320214289623,13.040444859854139,0.21684963351161268,-0.6118005186455228,482,11.289343383889722,14.09045827076697,7,19.06212075267519,20.730256936283947,105
987,9.816011221424546,152.92872440804834,12.366435396186256,0.20850593674459084,1.687581436385862,322,11.269894068192992,14.289602425285786,7,35.4487750189645,35.592412193868434,106
987,7.519269953380889,104.83353424694303,10.238824846970624,0.001620912058223678,0.3422040889717133,504,7.841643939326916,10.951567128365706,7,36.82753635304315,37.989510533608176,107
861,8.784645669240154,125.425387731819,11.199347647600685,-0.06666173299400002,-3.6369810963826175,338,12.355767647013861,14.61796482615957,0,,,108
987,9.777756426215413,141.73240006604627,11.905141749095064,-0.024112029894211684,2.8554770922799726,335,9.126110666278583,10.756689291696413,0,,,109
987,8.603251117461841,144.41634716871212,12.01733527736961,0.3505882676837905,-4.674352500576378,301,15.951044771560403,19.270059214956348,35,29.54306811605181,31.766586119403158,1001
987,11.01539776541421,221.70225853402582,14.88966952400307,0.1261422875119177,-4.41389993980542,581,13.044414148952896,17.429977321040415,49,39.38801776754613,41.42335518805613,1002
987,6.073906880713765,56.05510116709119,7.486995469952629,-0.09311112437557534,-0.03338410623047006,119,9.972291239419905,11.16536965612914,0,,,1003
987,12.63681080964561,498.3717077002519,22.324240361101918,0.4815558156683436,-8.358231749940426,217,33.91195697086747,44.77417373798495,105,52.60651549668539,60.6731228086219,1004
987,12.369693397509412,453.95906338392643,21.306315105712823,0.5068384331668669,-8.436167517814713,210,33.07243212518238,43.01717519538107,112,46.67064746682133,55.162666925875534,1005
861,8.78950632137704,164.81114925426806,12.83787946875449,0.3620068366941035,-1.921476239595956,238,15.415046522096425,19.49857470453944,37,29.523044119010102,34.14999930018641,1006
987,11.817195229738076,432.46818607016996,20.79586944732463,0.5357320146400388,-7.658557887859982,210,32.79998911221822,42.178676363297576,126,44.2576609367416,51.96229682641796,1007
987,11.776871741180361,430.2881120072793,20.743387187421426,0.5261333831145152,-7.314662271176428,217,32.46661033141448,41.36960637054061,126,44.27513704697291,51.396931306257684,1008
987,14.003210821956124,634.8534273099436,25.196297888974556,0.5395687351796639,-9.156193629767756,245,37.039313684434305,48.27641471473562,126,55.48465869871397,64.08197737191004,1009
987,11.647540255460092,402.5474822271911,20.06358597627032,0.535323212778515,-6.057429907834035,224,30.23400768344956,39.35965685584237,119,44.38618554087246,51.289187313221795,1010
987,8.726226848135905,184.02834159726777,13.56570461116074,0.6491957041377435,-3.786663557930256,336,15.776470825475242,21.06862152592844,112,28.193117389322392,32.087972985326395,1011
876,10.31131447947767,256.3663431675038,16.01144413123013,0.5741703472551531,-4.6701057051908075,483,13.730686554804784,20.210226696229707,119,31.128653264878427,36.20947379007165,1012
987,9.831377157807472,225.46130873979425,15.015369084367999,0.49353898715494937,-4.631476642754544,322,18.243907627481853,23.879295141556963,91,34.38197983228243,37.712774089697355,1014
987,13.38409841114989,599.1437427369231,24.47741290939308,0.49975616193746086,-8.308103325458767,287,31.39459044447344,43.71873444806029,133,51.88750499890263,61.76736110139758,1015
987,10.367603961397208,256.68773691910536,16.02147736381091,0.3959549641812804,-6.250270612394435,329,19.88738240876821,25.790583883206228,91,38.13917030082954,41.290344659631906,1016
987,12.45219353617385,476.4884952071982,21.828616429063896,0.44883681597982406,-7.99933364954159,259,30.634572661751484,40.03664946714511,126,47.754459690480004,54.18328979011448,1017
987,9.551211621140515,256.87738722231575,16.027394898183413,0.5417240142425197,-4.442247460799135,196,26.55730237431672,32.524580821349005,84,36.44095751785097,41.91664611121498,1018
987,14.230674484580483,699.5858541709155,26.449685332172017,0.5272765164070208,-10.747566195848382,210,43.513339854705904,55.07707827669109,126,58.631083147866384,68.099409388315,1019
987,10.608869172398684,301.2640162549015,17.356958727118684,0.4509360286461238,-6.494424579836798,210,29.35604653244927,34.77965030092171,91,39.833974176710775,44.57772345040656,1020
987,12.32938208967719,501.47054087314956,22.393537926668703,0.560144247884554,-8.596579213574785,203,38.107866765830316,47.15276122164456,126,50.48082488869864,57.354431770350885,1021
987,9.14350366230069,196.85604059115425,14.030539568781888,0.5907415934665707,-4.577451716319647,203,22.95409074998254,27.389392630157566,91,29.78432799761112,34.33724790810055,1022
987,12.475524644962801,598.0635580852405,24.455338028439527,0.5695134659384556,-8.500824214598087,210,39.34694230017208,50.49444378862985,119,55.2417230245446,64.25727861800749,1023
987,12.788048964080598,503.39730630784993,22.43651724996217,0.5076277233510631,-8.504173877814138,217,34.7678363081497,44.895773831065306,119,49.810534060502256,57.592035484607614,1024
987,4.170892868602409,32.18116702664134,5.672844703201502,-0.41860014315583793,-1.9900183056867111,0,,,0,,,1025
861,12.61678115755285,343.7904096364023,18.541585952566255,0.47073177461634075,-6.611392534637562,252,24.28793359275848,30.4424555256933,105,34.310945318994065,40.649044222459416,1026
861,12.043729764105413,391.7156579705311,19.791807849980028,0.4474024935048486,-6.932721304976567,231,28.46992605795592,35.52730468633547,119,40.557081782517315,45.37250626627902,1027
987,10.443004481215125,251.62832172605135,15.86279678133876,0.4671085589269146,-5.686104588837126,266,21.433156458506907,27.064214704000815,98,34.243058246009205,38.42046321432868,1028
987,10.96987611508297,295.7837453479703,17.198364612601114,0.4548792036602731,-6.142339625861024,273,23.393554380961827,29.480936380158923,105,37.40251789660681,41.554841047846686,1029
987,8.283023126400712,141.74726213733072,11.905765919810902,0.48308696698881237,-3.6731194232976425,238,17.076823755723087,20.985195172164573,35,32.48966525282179,35.0920927279766,1031
987,7.911901091188645,110.08133598247821,10.491965306008128,0.2433709349527452,-1.5449560041847925,364,10.77542419387744,13.878788333534315,7,29.2176023040499,30.438472557197088,1032
987,7.384951542877982,98.46458614451753,9.922932335984033,0.18428548022364855,-3.697946017334406,329,12.605295778045539,14.827149481681476,0,,,1033
805,8.981555468621462,151.25624927768368,12.29862794289199,0.33669602376350094,-4.492748268272566,301,14.666933937326222,18.009823453136207,35,28.823457213810514,30.920074737089273,1034
973,7.462002210357329,106.86562158184714,10.337582966140932,0.5436665684377276,-1.7497113999457914,259,12.690272967327516,16.116994638810787,42,26.25135434383438,28.652906193268187,1035
987,9.033017849842164,133.03104750479676,11.533908596169677,0.24248660100199415,-0.10744180815651062,350,11.172611551667963,14.13443272884003,7,35.901785156556535,37.944771857540815,1036
987,9.08496189232172,141.2406625377836,11.884471487524534,0.09836163246185525,-1.9225998156097281,398,11.878784580745888,15.019048869625356,7,34.885428530829294,35.23166426909161,1037
861,9.343350827174735,180.2802678082794,13.426848766865568,0.2957574889888652,-5.77506211427723,265,17.70819372186121,21.748956858025323,42,33.096456296387174,35.83022403573282,1038
987,7.322569182759723,89.94738744204965,9.484059649857208,0.05705305918749126,-0.8430974168859596,329,9.906848077353736,12.201359286757555,0,,,1039
987,6.837348933821391,76.80486217037021,8.763838324066128,0.2635199394528924,-0.7812109500199949,273,9.93088678300599,11.82248751583869,0,,,1040
741,7.462172128933805,93.54973887897793,9.672111397155119,-0.020263788925148685,-0.07766409574249979,306,8.616906503057168,11.08101400451977,0,,,1041
987,7.395422809452513,96.41701729938539,9.819216735533715,0.19526618529493844,-2.6906686427624633,280,12.555984755711895,14.89057968212051,0,,,1042
987,12.949002784134287,287.02275632960914,16.941745964616786,0.3664304871806652,-3.4083979605058286,328,21.25767568662399,25.272663187917118,70,37.50353675740106,40.51119469219534,1043
741,9.222179130664882,138.0292748074591,11.748586076948115,0.030250708531613935,-0.8123049388530283,260,11.381978174814812,14.082804309269898,0,,,1045
987,8.678712594835229,132.0424408548648,11.490972145770122,0.28819804222343237,-3.149407197276872,371,12.904747498485277,15.752452488636164,14,29.05223650591714,30.475468312879958,1046
777,9.676583140973419,154.9910048502133,12.449538338838645,0.3405504861563379,1.9271288567068035,291,10.476076431495628,13.8439078933908,21,26.056051083973475,28.120534539588785,1047
987,13.987523493131485,344.6758612932081,18.565448049891177,0.3850432469420234,-2.867227816593804,335,22.564249475144628,27.50699666261189,91,38.63739551554669,42.74067526779838,1048
987,9.059713835774222,148.06861375866768,12.16834474193872,0.3621554451520872,-4.04244055465362,336,14.398098043742634,17.749495472113924,35,27.56606877190726,30.521225729001397,1049
861,8.962548955669249,125.89655716301418,11.220363504049866,0.18001680224571148,-3.424247982609978,231,15.078491301763625,16.9497313395427,0,,,1050
987,8.17532927395725,99.4025123425156,9.970080859377,0.1498432593438831,-1.9977015747246167,308,10.93133541477191,12.375498032357148,0,,,1051
987,9.192729337146579,128.92827955782337,11.354658936217476,0.05963787876414417,-0.7431557127468008,426,10.822850330824583,12.69263318463261,0,,,1052
861,11.090169289444642,171.66068520955477,13.10193440716121,0.10097560120394933,1.5229677935471622,369,11.10198877139022,13.024701911601552,0,,,1053
987,8.52509192553214,114.89050651016136,10.71869891871963,-0.12834502820144045,-3.551580868593465,294,12.657001611326827,14.353821526332153,0,,,1054
987,9.796983743752632,150.7761619219374,12.27909450741126,0.06272334368226917,-3.855365404845975,237,16.780302130723303,18.698181296882048,0,,,1055
987,9.484507679637321,141.96569660085228,11.914935862221512,0.0746161842854478,-3.2206108416105113,230,16.103410410103592,17.96635699404545,0,,,1056
987,7.921677071333173,101.61178601720022,10.080267160011198,-0.056717019047817896,-1.7508656942977248,182,12.320890108635137,13.910892741284563,0,,,1057
924,7.124850492214873,82.97325238013988,9.108965494508137,-0.12948741813389364,-0.675213529514673,225,10.562382612758213,12.469143073061442,0,,,1058
861,8.137006793149533,103.12878974544046,10.155234598247372,0.10282087623820158,-3.4090850120637475,196,13.208212043557849,15.007427898900636,0,,,1059
987,7.154351681256676,81.95680275084118,9.052999654857011,-0.19427861482597542,0.12172405130070424,308,8.96351686468372,10.840730377352862,0,,,1061
987,7.595249731023819,91.36517112120917,9.55851301831039,0.055513035174444614,0.4264914587917601,301,9.687567341243508,11.732035993244823,0,,,1062
861,8.522919677388309,110.47880839808634,10.510889990770826,-0.08544976734155907,3.153082155911349,214,9.263671593061675,11.233418240846278,0,,,1063
987,6.975039062498793,76.85753136010752,8.766842724727502,-0.11761543580729472,0.6907298248770751,336,7.806549501738378,9.764093057900233,0,,,1064
987,6.489858553598596,70.5327168500115,8.398375845960425,0.14302364210012253,-1.2777938240537043,231,9.885457249172838,11.81042002596358,0,,,1065
987,7.4223068072078435,89.21105898750254,9.44516061205433,0.12828807363737127,-0.32930091003818474,266,10.44926614672842,12.662657347089882,0,,,1066
987,7.622847393034318,94.71089883604529,9.731952467827064,-0.09546038623662234,1.5224292318599928,210,10.327768027498609,11.935643207642926,0,,,1068
861,8.234941517953674,109.49217518763254,10.463850877551367,0.0007784127608302382,2.4700931988388266,296,8.280489846409575,10.291119271535083,0,,,1069
861,5.4395943682437435,46.05589293041861,6.786449213721312,0.07697861078276735,-0.23168101640251593,114,9.157528728115977,10.082847498894012,0,,,1070
959,9.881139832178793,152.80229809888482,12.361322667857385,0.1609711920385295,1.3945930031933302,342,11.236930225763405,13.650790772336048,0,,,1071
861,8.677472381377711,117.31426729960036,10.831171095481798,0.14077180448135762,-0.14524877324492674,251,11.990860787966099,14.15584245300669,0,,,1072
987,6.075662370450349,60.6341340874681,7.786792284854406,0.21349387162436972,0.020094059339772603,126,12.443840737853732,13.776879653835765,0,,,1073
861,7.65632541037222,90.07872988925564,9.490981502945607,0.0858132894400887,1.6546527589741622,169,9.32682352535118,11.025856686707423,0,,,1074
987,7.409359014763854,86.45122232352381,9.297914944949959,0.1304374226206375,-0.1940112926703788,224,11.133722478964566,12.989493255800006,0,,,1075
867,7.891365703276972,97.4764306079918,9.873015274372454,0.15175522134745978,1.389327033477671,203,10.121334667716708,12.361941775306942,0,,,1076
987,7.6782372072376806,94.34440221863156,9.713104664247759,0.14109876524337384,-0.09142360976296114,238,11.328444542519811,13.477710114948207,0,,,1077
987,4.230544149332133,31.535537119003354,5.615651085938598,-0.30947538385141926,-1.710558868227517,0,,,0,,,1078
987,4.5901827913649536,37.920860209992895,6.15799157274455,-0.7717291500208809,-3.329301679991903,0,,,0,,,1079
987,4.269353270893039,33.74566121213802,5.809101583905899,-0.4879745490692309,-2.390740669003132,0,,,0,,,1080
987,7.916330360774452,102.87418130193454,10.142691028614376,0.03549929625874959,0.44381587851977516,133,15.313742076992092,17.46290898658641,0,,,1082
987,3.8861169778225753,27.004655427239307,5.1966003720932115,-0.6465302857852953,-1.6628123348486339,0,,,0,,,1083
987,4.008080096471877,26.73575959168019,5.170663360892893,-0.02642510851677282,-1.1399239496136389,7,17.469740390777588,17.55236038990101,0,,,1084
987,3.964219281255535,25.58823875091567,5.058481862270109,-0.19733272103460497,-0.5629260440969419,0,,,0,,,1085
987,4.143588491365419,31.006434312306027,5.568342151152893,-0.9913851749246001,-2.1809193987735256,0,,,0,,,1086
987,3.4283225380540983,22.563934136914263,4.750150959381634,-0.3137265527726165,-1.5855448797964156,0,,,0,,,1087
735,4.266268298577289,30.37747792934037,5.511576718992521,-0.724103202955281,-1.7651922313534483,0,,,0,,,1088
987,4.695285056741284,39.821849082299586,6.310455536829301,-0.38535046773724124,-2.1961046992343487,0,,,0,,,1089
987,8.302711137537415,105.27655820798115,10.260436550555788,0.20603275868184345,0.89415413948963,301,10.254526766877238,12.295096365347328,0,,,1090
861,5.5942223834243805,49.041891260619394,7.002991593641919,-0.234520834115721,-2.4471132647977334,21,15.49093606926146,15.925388322747747,0,,,1091
987,3.979891788633399,23.080340206187152,4.804200267077461,-0.21447773928113323,1.360036213226473,0,,,0,,,3901
861,3.699730754210143,20.93100162841085,4.575041161389791,-0.10611313668472433,-0.031121952643100945,0,,,0,,,3902
861,4.090415057404947,24.736830339800534,4.973613408760328,-0.30706005957996685,1.703111652990113,0,,,0,,,3903
987,4.384545755241417,28.138372468133124,5.304561477458162,-0.3766790000290705,1.6145269158159468,0,,,0,,,3904
861,3.7891945824390505,21.479386335774734,4.634585886114825,-0.15084350218830744,0.5921321008678928,0,,,0,,,3905
861,4.0173755306815435,23.207237053796828,4.81738902869561,-0.20788004296910279,1.5181976577546124,0,,,0,,,3906
861,3.949567374071316,22.430165097328175,4.736049524374526,-0.23201095911222525,1.4500687565053105,0,,,0,,,3907
736,3.862905423278394,21.76785245193858,4.665603117704996,-0.08481904042812327,1.0969782588274584,0,,,0,,,3908
861,3.9422838219920657,22.319460771311064,4.724347655635756,-0.2490337898173951,1.596561809588531,0,,,0,,,3909
819,3.8515981399387087,21.8161095670857,4.670771838474419,-0.2975843044248152,1.5507930143121107,0,,,0,,,3910
861,4.713015570734713,33.302028614763906,5.770790986924054,-0.18592729208071268,0.9043528061710584,0,,,0,,,3911
861,5.037287674437555,39.41949076269507,6.278494306973215,-0.17743975410557944,0.7572237705935169,14,16.668274470738,16.815693958337,0,,,3912
987,4.562963654808964,30.303933577730437,5.50490086901939,-0.24429624578549358,1.2673527882816582,0,,,0,,,3913
735,4.701416761696744,33.65469660307215,5.801266810195179,-0.19993483706366177,0.593897059174622,0,,,0,,,3914
735,4.089645996872259,24.366237044147947,4.936216875720509,-0.3870311934763575,1.6599512541375192,0,,,0,,,3915
987,4.00971298642917,23.207040502532916,4.81736862846647,-0.2439663377308403,1.4417368339067052,0,,,0,,,3916
861,3.84882317630533,21.97231003072251,4.687463069798258,-0.24223744072719855,1.2759993422460612,0,,,0,,,3917
861,3.9720287683671915,23.035458331447597,4.799526886209473,-0.3447479294205953,1.4825563347021185,0,,,0,,,3918
987,3.837908571855879,21.57978285188818,4.645404487435748,-0.3633816234143208,1.650544242897536,0,,,0,,,3919
791,4.153848900053504,25.337620665904343,5.033648842132747,-0.2582127085167818,1.6572122405060625,0,,,0,,,3920
987,4.788021792032073,33.486135605504906,5.786720626184135,-0.2184887882823776,1.064207972726561,0,,,0,,,3921
861,3.7745054950559043,21.023378990341897,4.585125842367022,-0.45267375754006345,1.7976436986048185,0,,,0,,,3922
861,4.047032962138921,23.447138323858375,4.842224522247846,-0.24073628069723663,1.5908368805144306,0,,,0,,,3923
987,3.8282872763327433,21.40755853197966,4.626830289947931,-0.3330571385917187,1.550897848521564,0,,,0,,,3924
861,3.828812646810463,21.474196958987186,4.634025998954601,-0.4224626614513891,1.817053432663974,0,,,0,,,3925
987,4.213874784042528,26.056911296067412,5.104597074801047,-0.3146929004786525,1.4442003128376413,0,,,0,,,3926
861,4.247092960326652,26.600284536436686,5.157546367841658,-0.3114595223808829,1.4977233866781308,0,,,0,,,3927
861,4.47291811390344,29.36273832829571,5.418739551620442,-0.26057763037158654,1.2545844254178038,0,,,0,,,3928
735,4.150563463224035,26.376884812678743,5.135843145256555,-0.13646217441206354,0.29150548273203325,0,,,0,,,3929
861,4.252900675198758,26.764358997446998,5.173428166839373,-0.40208333028076937,1.8247187954485071,0,,,0,,,3930
861,4.375443643532287,28.618968070771288,5.349669902972639,-0.23017944176663185,1.4571094269259603,0,,,0,,,3931
861,4.428544189594902,28.86063163570626,5.372209195080387,-0.4279889014433176,1.8452420517127273,0,,,0,,,3932
861,4.751768000311414,33.23621486793171,5.765085850872622,-0.1732803473254405,1.3020594316630967,0,,,0,,,3933
987,4.8848414541860965,35.32073827707412,5.9431252954210985,-0.19555827704487294,1.0384868353212737,0,,,0,,,3934
861,5.1228329440304075,40.67311362916674,6.377547618729847,-0.20075846823036847,0.945948048058841,14,16.359289033072336,16.50771818060567,0,,,3935
987,5.145867119685736,41.35082707254099,6.430460875593676,-0.16224804653811398,0.6332121494451676,14,17.45133686065674,17.605976704280707,0,,,3936
861,5.027933267368119,40.583810926263745,6.37054243579491,-0.21110177860031576,-0.18611558148600638,11,17.44101392139088,17.582720230332235,0,,,3937
861,4.319085697125336,27.458922368269736,5.240126178659225,-0.23656346202714063,1.204848092330596,0,,,0,,,3938
987,5.647871314090315,48.34375893722115,6.952967635277843,-0.2771657096484803,0.7508989399810451,21,13.1942503792899,13.972410218229777,0,,,3939
