feature,importance,model
lat,0.00328688,global_h1
long,0.0018489909,global_h1
pm25,0.36242428,global_h1
wind_speed_avg,0.001746054,global_h1
wind_speed_max,0.0012212222,global_h1
temperature_avg,0.0017691281,global_h1
temperature_min,0.0031019994,global_h1
temperature_max,0.0013309494,global_h1
rainfall,0.0029872078,global_h1
pressure_avg,0.001632978,global_h1
pressure_min,0.0012965428,global_h1
pressure_max,0.002346652,global_h1
humidity_avg,0.0028404393,global_h1
humidity_min,0.0064374586,global_h1
humidity_max,0.0012594336,global_h1
sunshine_duration,0.0011376799,global_h1
wind_direction_avg_sin,0.0017306795,global_h1
wind_direction_avg_cos,0.000935886,global_h1
wind_direction_at_max_speed_sin,0.001051209,global_h1
wind_direction_at_max_speed_cos,0.00090359256,global_h1
hotspot_count,0.0029207764,global_h1
hotspot_frp_sum,0.0013121933,global_h1
hotspot_day,0.001500006,global_h1
hotspot_night,0.012182399,global_h1
hotspot_conf_low,0.0019059812,global_h1
hotspot_conf_nominal,0.0030972369,global_h1
hotspot_conf_high,0.001302059,global_h1
hotspot_fire_farming_count,0.0,global_h1
hotspot_fire_wildfire_count,0.003496194,global_h1
hotspot_frp_max,0.0009129049,global_h1
hotspot_frp_mean,0.00086303416,global_h1
hotspot_min_distance_km,0.0009883328,global_h1
hotspot_present,0.0,global_h1
year_index,0.0025547922,global_h1
dow_sin,0.0024740861,global_h1
dow_cos,0.0017806543,global_h1
month_sin,0.0022025679,global_h1
month_cos,0.003253474,global_h1
doy_sin,0.0029859128,global_h1
doy_cos,0.0024063527,global_h1
temperature_range,0.0012944706,global_h1
humidity_range,0.0009352104,global_h1
pressure_range,0.0021398575,global_h1
rain_event,0.004921938,global_h1
hotspot_day_ratio,0.004239357,global_h1
hotspot_night_ratio,0.0036149311,global_h1
log1p_rainfall,0.002825162,global_h1
log1p_hotspot_count,0.0027574345,global_h1
log1p_hotspot_frp_sum,0.0014982388,global_h1
pm25_lag_1,0.021940377,global_h1
pm25_lag_2,0.0015817728,global_h1
pm25_lag_3,0.0020378747,global_h1
pm25_lag_7,0.0019802847,global_h1
pm25_lag_14,0.0019731948,global_h1
temperature_avg_lag_1,0.0020299442,global_h1
temperature_avg_lag_3,0.0010358371,global_h1
temperature_avg_lag_7,0.0014948895,global_h1
humidity_avg_lag_1,0.0012781055,global_h1
humidity_avg_lag_3,0.00086955447,global_h1
humidity_avg_lag_7,0.0008504373,global_h1
pressure_avg_lag_1,0.0017753767,global_h1
pressure_avg_lag_3,0.0013486772,global_h1
pressure_avg_lag_7,0.0015757277,global_h1
wind_speed_avg_lag_1,0.0009561336,global_h1
wind_speed_avg_lag_3,0.0007277165,global_h1
wind_speed_avg_lag_7,0.00085547724,global_h1
rainfall_lag_1,0.0008164063,global_h1
rainfall_lag_3,0.00094007177,global_h1
rainfall_lag_7,0.0005770758,global_h1
hotspot_count_lag_1,0.0009518909,global_h1
hotspot_count_lag_3,0.0008336747,global_h1
hotspot_count_lag_7,0.0009945409,global_h1
hotspot_frp_sum_lag_1,0.0009175522,global_h1
hotspot_frp_sum_lag_3,0.0009184318,global_h1
hotspot_frp_sum_lag_7,0.00096960657,global_h1
pm25_roll_mean_3d,0.19728152,global_h1
pm25_roll_mean_7d,0.12589768,global_h1
pm25_roll_mean_14d,0.009779001,global_h1
pm25_roll_std_3d,0.0016074466,global_h1
pm25_roll_std_7d,0.0013444494,global_h1
pm25_roll_min_7d,0.0033425863,global_h1
pm25_roll_max_7d,0.050841287,global_h1
temperature_avg_roll_mean_3d,0.0013739372,global_h1
temperature_avg_roll_mean_7d,0.0010777375,global_h1
humidity_avg_roll_mean_3d,0.0013887811,global_h1
humidity_avg_roll_mean_7d,0.0010868523,global_h1
pressure_avg_roll_mean_3d,0.0017038275,global_h1
pressure_avg_roll_mean_7d,0.0016631184,global_h1
wind_speed_avg_roll_mean_3d,0.0006877348,global_h1
wind_speed_avg_roll_mean_7d,0.0008217984,global_h1
rainfall_roll_sum_3d,0.0026594484,global_h1
rainfall_roll_sum_7d,0.0009755643,global_h1
rainfall_roll_sum_14d,0.00079617515,global_h1
rain_days_7d,0.00089094264,global_h1
hotspot_count_roll_sum_3d,0.0010319584,global_h1
hotspot_count_roll_sum_7d,0.0009087741,global_h1
hotspot_frp_sum_roll_sum_3d,0.001115751,global_h1
hotspot_frp_sum_roll_sum_7d,0.00082103314,global_h1
hotspot_active_days_7d,0.0008519049,global_h1
pm25_diff_1d,0.012703071,global_h1
pm25_diff_3d,0.0066110496,global_h1
temperature_avg_diff_1d,0.0016685533,global_h1
humidity_avg_diff_1d,0.0017383816,global_h1
pressure_avg_diff_1d,0.005328143,global_h1
wind_speed_avg_diff_1d,0.0073502427,global_h1
hotspot_count_diff_1d,0.0015671264,global_h1
co_mean_ugm3,0.0020626506,global_h1
co_8h_max_ugm3,0.0012230595,global_h1
aod500_mean,0.0017049317,global_h1
co_mean_ugm3_lag_1,0.0010090614,global_h1
co_mean_ugm3_lag_3,0.00097101845,global_h1
co_mean_ugm3_lag_7,0.0013138859,global_h1
co_8h_max_ugm3_lag_1,0.0009543943,global_h1
co_8h_max_ugm3_lag_3,0.0008471243,global_h1
co_8h_max_ugm3_lag_7,0.0011855261,global_h1
aod500_mean_lag_1,0.0017923111,global_h1
aod500_mean_lag_3,0.0013161753,global_h1
aod500_mean_lag_7,0.0015438966,global_h1
co_mean_ugm3_roll_mean_3d,0.0010669782,global_h1
co_mean_ugm3_roll_mean_7d,0.0010037442,global_h1
co_8h_max_ugm3_roll_mean_3d,0.000962412,global_h1
co_8h_max_ugm3_roll_mean_7d,0.0010374521,global_h1
aod500_mean_roll_mean_3d,0.0015392349,global_h1
aod500_mean_roll_mean_7d,0.0014851535,global_h1
co_mean_ugm3_diff_1d,0.0019113636,global_h1
co_mean_ugm3_missing,0.0,global_h1
co_8h_max_ugm3_missing,0.0,global_h1
aod500_mean_missing,0.0010847714,global_h1
station_id_code,0.0011834523,global_h1
lat,0.007465381,global_h2
long,0.0022568454,global_h2
pm25,0.25704813,global_h2
wind_speed_avg,0.0006699846,global_h2
wind_speed_max,0.0014889913,global_h2
temperature_avg,0.0054184245,global_h2
temperature_min,0.010078693,global_h2
temperature_max,0.0023565416,global_h2
rainfall,0.0030288694,global_h2
pressure_avg,0.002956066,global_h2
pressure_min,0.0030673824,global_h2
pressure_max,0.004885598,global_h2
humidity_avg,0.007933505,global_h2
humidity_min,0.013823188,global_h2
humidity_max,0.0036516162,global_h2
sunshine_duration,0.0011163269,global_h2
wind_direction_avg_sin,0.001798796,global_h2
wind_direction_avg_cos,0.001196571,global_h2
wind_direction_at_max_speed_sin,0.00088771625,global_h2
wind_direction_at_max_speed_cos,0.00096891745,global_h2
hotspot_count,0.0086040525,global_h2
hotspot_frp_sum,0.0023967444,global_h2
hotspot_day,0.0024485774,global_h2
hotspot_night,0.022360116,global_h2
hotspot_conf_low,0.0030047817,global_h2
hotspot_conf_nominal,0.005189621,global_h2
hotspot_conf_high,0.0016301132,global_h2
hotspot_fire_farming_count,0.0,global_h2
hotspot_fire_wildfire_count,0.010677565,global_h2
hotspot_frp_max,0.001331095,global_h2
hotspot_frp_mean,0.0014038996,global_h2
hotspot_min_distance_km,0.0013972786,global_h2
hotspot_present,0.0,global_h2
year_index,0.006900675,global_h2
dow_sin,0.0038907337,global_h2
dow_cos,0.003285433,global_h2
month_sin,0.0035579803,global_h2
month_cos,0.007776974,global_h2
doy_sin,0.0072910953,global_h2
doy_cos,0.0047645136,global_h2
temperature_range,0.0025683516,global_h2
humidity_range,0.001235393,global_h2
pressure_range,0.0025795726,global_h2
rain_event,0.0060329493,global_h2
hotspot_day_ratio,0.008498244,global_h2
hotspot_night_ratio,0.007813609,global_h2
log1p_rainfall,0.0032447383,global_h2
log1p_hotspot_count,0.021333462,global_h2
log1p_hotspot_frp_sum,0.002076012,global_h2
pm25_lag_1,0.012594865,global_h2
pm25_lag_2,0.0020891193,global_h2
pm25_lag_3,0.0029298074,global_h2
pm25_lag_7,0.0055373893,global_h2
pm25_lag_14,0.004167323,global_h2
temperature_avg_lag_1,0.0034235197,global_h2
temperature_avg_lag_3,0.0018191554,global_h2
temperature_avg_lag_7,0.00284293,global_h2
humidity_avg_lag_1,0.0029773568,global_h2
humidity_avg_lag_3,0.0013976755,global_h2
humidity_avg_lag_7,0.0011602561,global_h2
pressure_avg_lag_1,0.0025171414,global_h2
pressure_avg_lag_3,0.0017002883,global_h2
pressure_avg_lag_7,0.005265005,global_h2
wind_speed_avg_lag_1,0.0010800589,global_h2
wind_speed_avg_lag_3,0.00066644617,global_h2
wind_speed_avg_lag_7,0.0008301398,global_h2
rainfall_lag_1,0.0005585109,global_h2
rainfall_lag_3,0.00065910886,global_h2
rainfall_lag_7,0.0010276005,global_h2
hotspot_count_lag_1,0.0017598756,global_h2
hotspot_count_lag_3,0.0008272149,global_h2
hotspot_count_lag_7,0.0015792851,global_h2
hotspot_frp_sum_lag_1,0.0012915062,global_h2
hotspot_frp_sum_lag_3,0.0007940966,global_h2
hotspot_frp_sum_lag_7,0.0014190219,global_h2
pm25_roll_mean_3d,0.15736282,global_h2
pm25_roll_mean_7d,0.06916781,global_h2
pm25_roll_mean_14d,0.056312572,global_h2
pm25_roll_std_3d,0.002216568,global_h2
pm25_roll_std_7d,0.0020171467,global_h2
pm25_roll_min_7d,0.0037995325,global_h2
pm25_roll_max_7d,0.041847132,global_h2
temperature_avg_roll_mean_3d,0.0027503362,global_h2
temperature_avg_roll_mean_7d,0.0018679863,global_h2
humidity_avg_roll_mean_3d,0.0044282177,global_h2
humidity_avg_roll_mean_7d,0.0018777914,global_h2
pressure_avg_roll_mean_3d,0.0027355526,global_h2
pressure_avg_roll_mean_7d,0.0022042422,global_h2
wind_speed_avg_roll_mean_3d,0.0007297601,global_h2
wind_speed_avg_roll_mean_7d,0.0008761216,global_h2
rainfall_roll_sum_3d,0.004643827,global_h2
rainfall_roll_sum_7d,0.0032732796,global_h2
rainfall_roll_sum_14d,0.0023464302,global_h2
rain_days_7d,0.001506735,global_h2
hotspot_count_roll_sum_3d,0.0043292604,global_h2
hotspot_count_roll_sum_7d,0.0011750342,global_h2
hotspot_frp_sum_roll_sum_3d,0.002051556,global_h2
hotspot_frp_sum_roll_sum_7d,0.0011814585,global_h2
hotspot_active_days_7d,0.0017109944,global_h2
pm25_diff_1d,0.007258979,global_h2
pm25_diff_3d,0.007133493,global_h2
temperature_avg_diff_1d,0.0032727178,global_h2
humidity_avg_diff_1d,0.0017773785,global_h2
pressure_avg_diff_1d,0.0068122027,global_h2
wind_speed_avg_diff_1d,0.0070706718,global_h2
hotspot_count_diff_1d,0.0013789341,global_h2
co_mean_ugm3,0.003142819,global_h2
co_8h_max_ugm3,0.0012725301,global_h2
aod500_mean,0.00440071,global_h2
co_mean_ugm3_lag_1,0.0013661728,global_h2
co_mean_ugm3_lag_3,0.0018209113,global_h2
co_mean_ugm3_lag_7,0.0025127318,global_h2
co_8h_max_ugm3_lag_1,0.000733458,global_h2
co_8h_max_ugm3_lag_3,0.0013061445,global_h2
co_8h_max_ugm3_lag_7,0.0019949747,global_h2
aod500_mean_lag_1,0.002539879,global_h2
aod500_mean_lag_3,0.002426022,global_h2
aod500_mean_lag_7,0.0021347667,global_h2
co_mean_ugm3_roll_mean_3d,0.0015525536,global_h2
co_mean_ugm3_roll_mean_7d,0.0015048718,global_h2
co_8h_max_ugm3_roll_mean_3d,0.0010793556,global_h2
co_8h_max_ugm3_roll_mean_7d,0.0018213592,global_h2
aod500_mean_roll_mean_3d,0.004106995,global_h2
aod500_mean_roll_mean_7d,0.004615052,global_h2
co_mean_ugm3_diff_1d,0.001940661,global_h2
co_mean_ugm3_missing,0.0,global_h2
co_8h_max_ugm3_missing,0.0,global_h2
aod500_mean_missing,0.00081893714,global_h2
station_id_code,0.0014866801,global_h2
lat,0.012554261,global_h3
long,0.000922555,global_h3
pm25,0.100022025,global_h3
wind_speed_avg,0.0,global_h3
wind_speed_max,0.0,global_h3
temperature_avg,0.0052362303,global_h3
temperature_min,0.011114362,global_h3
temperature_max,0.0034957442,global_h3
rainfall,0.0055467286,global_h3
pressure_avg,0.002526068,global_h3
pressure_min,0.0019995393,global_h3
pressure_max,0.002144742,global_h3
humidity_avg,0.011693055,global_h3
humidity_min,0.007419274,global_h3
humidity_max,0.002705388,global_h3
sunshine_duration,0.0,global_h3
wind_direction_avg_sin,0.0,global_h3
wind_direction_avg_cos,0.0010458039,global_h3
wind_direction_at_max_speed_sin,0.0,global_h3
wind_direction_at_max_speed_cos,0.0,global_h3
hotspot_count,0.012334477,global_h3
hotspot_frp_sum,0.00081665686,global_h3
hotspot_day,0.0005508387,global_h3
hotspot_night,0.012831372,global_h3
hotspot_conf_low,0.006656058,global_h3
hotspot_conf_nominal,0.0060109356,global_h3
hotspot_conf_high,0.0,global_h3
hotspot_fire_farming_count,0.0,global_h3
hotspot_fire_wildfire_count,0.017370066,global_h3
hotspot_frp_max,0.00445009,global_h3
hotspot_frp_mean,0.00046492327,global_h3
hotspot_min_distance_km,0.00051606697,global_h3
hotspot_present,0.0,global_h3
year_index,0.0066736112,global_h3
dow_sin,0.0021918004,global_h3
dow_cos,0.002161148,global_h3
month_sin,0.0009748526,global_h3
month_cos,0.01875779,global_h3
doy_sin,0.008530601,global_h3
doy_cos,0.005831665,global_h3
temperature_range,0.0,global_h3
humidity_range,0.0,global_h3
pressure_range,0.0008929667,global_h3
rain_event,0.0,global_h3
hotspot_day_ratio,0.021889793,global_h3
hotspot_night_ratio,0.021506013,global_h3
log1p_rainfall,0.0052011204,global_h3
log1p_hotspot_count,0.0,global_h3
log1p_hotspot_frp_sum,0.0,global_h3
pm25_lag_1,0.019597994,global_h3
pm25_lag_2,0.002925539,global_h3
pm25_lag_3,0.0027432234,global_h3
pm25_lag_7,0.0054461504,global_h3
pm25_lag_14,0.0047470233,global_h3
temperature_avg_lag_1,0.00093651685,global_h3
temperature_avg_lag_3,0.0011225565,global_h3
temperature_avg_lag_7,0.0016671482,global_h3
humidity_avg_lag_1,0.0,global_h3
humidity_avg_lag_3,0.0009965522,global_h3
humidity_avg_lag_7,0.0022793214,global_h3
pressure_avg_lag_1,0.0019572615,global_h3
pressure_avg_lag_3,0.001315559,global_h3
pressure_avg_lag_7,0.010744123,global_h3
wind_speed_avg_lag_1,0.0013402265,global_h3
wind_speed_avg_lag_3,0.0,global_h3
wind_speed_avg_lag_7,0.00030430823,global_h3
rainfall_lag_1,0.0,global_h3
rainfall_lag_3,0.0,global_h3
rainfall_lag_7,0.0,global_h3
hotspot_count_lag_1,0.00095736294,global_h3
hotspot_count_lag_3,0.0,global_h3
hotspot_count_lag_7,0.0017506938,global_h3
hotspot_frp_sum_lag_1,0.0008592298,global_h3
hotspot_frp_sum_lag_3,0.0012096481,global_h3
hotspot_frp_sum_lag_7,0.0,global_h3
pm25_roll_mean_3d,0.24513929,global_h3
pm25_roll_mean_7d,0.03478056,global_h3
pm25_roll_mean_14d,0.14603777,global_h3
pm25_roll_std_3d,0.0022334103,global_h3
pm25_roll_std_7d,0.0026855548,global_h3
pm25_roll_min_7d,0.0042309407,global_h3
pm25_roll_max_7d,0.091100596,global_h3
temperature_avg_roll_mean_3d,0.003001499,global_h3
temperature_avg_roll_mean_7d,0.0040645837,global_h3
humidity_avg_roll_mean_3d,0.0070798984,global_h3
humidity_avg_roll_mean_7d,0.0,global_h3
pressure_avg_roll_mean_3d,0.0,global_h3
pressure_avg_roll_mean_7d,0.00096637325,global_h3
wind_speed_avg_roll_mean_3d,0.0012135722,global_h3
wind_speed_avg_roll_mean_7d,0.0,global_h3
rainfall_roll_sum_3d,0.00460827,global_h3
rainfall_roll_sum_7d,0.0,global_h3
rainfall_roll_sum_14d,0.0,global_h3
rain_days_7d,0.0,global_h3
hotspot_count_roll_sum_3d,0.008933247,global_h3
hotspot_count_roll_sum_7d,0.0011231703,global_h3
hotspot_frp_sum_roll_sum_3d,0.0009281484,global_h3
hotspot_frp_sum_roll_sum_7d,0.0,global_h3
hotspot_active_days_7d,0.0,global_h3
pm25_diff_1d,0.005652293,global_h3
pm25_diff_3d,0.0042750305,global_h3
temperature_avg_diff_1d,0.0019103421,global_h3
humidity_avg_diff_1d,0.0010547786,global_h3
pressure_avg_diff_1d,0.005993415,global_h3
wind_speed_avg_diff_1d,0.0010296628,global_h3
hotspot_count_diff_1d,0.0010188324,global_h3
co_mean_ugm3,0.0025129893,global_h3
co_8h_max_ugm3,0.0,global_h3
aod500_mean,0.0021609296,global_h3
co_mean_ugm3_lag_1,0.000990334,global_h3
co_mean_ugm3_lag_3,0.0020342672,global_h3
co_mean_ugm3_lag_7,0.0026456986,global_h3
co_8h_max_ugm3_lag_1,0.0,global_h3
co_8h_max_ugm3_lag_3,0.0,global_h3
co_8h_max_ugm3_lag_7,0.001809203,global_h3
aod500_mean_lag_1,0.0013550683,global_h3
aod500_mean_lag_3,0.0030666357,global_h3
aod500_mean_lag_7,0.0030347493,global_h3
co_mean_ugm3_roll_mean_3d,0.00088313216,global_h3
co_mean_ugm3_roll_mean_7d,0.0025074242,global_h3
co_8h_max_ugm3_roll_mean_3d,0.00096720067,global_h3
co_8h_max_ugm3_roll_mean_7d,0.0,global_h3
aod500_mean_roll_mean_3d,0.0023297032,global_h3
aod500_mean_roll_mean_7d,0.005378022,global_h3
co_mean_ugm3_diff_1d,0.0013244118,global_h3
co_mean_ugm3_missing,0.0,global_h3
co_8h_max_ugm3_missing,0.0,global_h3
aod500_mean_missing,0.0,global_h3
station_id_code,0.0,global_h3
lat,0.01393562,global_h4
long,0.0006100328,global_h4
pm25,0.07310226,global_h4
wind_speed_avg,0.0,global_h4
wind_speed_max,0.0,global_h4
temperature_avg,0.005377625,global_h4
temperature_min,0.01088492,global_h4
temperature_max,0.0019845194,global_h4
rainfall,0.0,global_h4
pressure_avg,0.002044427,global_h4
pressure_min,0.0022032058,global_h4
pressure_max,0.0042261123,global_h4
humidity_avg,0.016248541,global_h4
humidity_min,0.04857275,global_h4
humidity_max,0.003905436,global_h4
sunshine_duration,0.0,global_h4
wind_direction_avg_sin,0.0,global_h4
wind_direction_avg_cos,0.0006499935,global_h4
wind_direction_at_max_speed_sin,0.0,global_h4
wind_direction_at_max_speed_cos,0.0,global_h4
hotspot_count,0.022541346,global_h4
hotspot_frp_sum,0.00032158283,global_h4
hotspot_day,0.0,global_h4
hotspot_night,0.0121448515,global_h4
hotspot_conf_low,0.005823997,global_h4
hotspot_conf_nominal,0.0,global_h4
hotspot_conf_high,0.0,global_h4
hotspot_fire_farming_count,0.0,global_h4
hotspot_fire_wildfire_count,0.0,global_h4
hotspot_frp_max,0.0,global_h4
hotspot_frp_mean,0.000234358,global_h4
hotspot_min_distance_km,0.0,global_h4
hotspot_present,0.0,global_h4
year_index,0.008129236,global_h4
dow_sin,0.0019785808,global_h4
dow_cos,0.0013254664,global_h4
month_sin,0.0043830057,global_h4
month_cos,0.025852736,global_h4
doy_sin,0.008687449,global_h4
doy_cos,0.006385904,global_h4
temperature_range,0.0009176092,global_h4
humidity_range,0.0013655259,global_h4
pressure_range,0.001241518,global_h4
rain_event,0.0,global_h4
hotspot_day_ratio,0.05046407,global_h4
hotspot_night_ratio,0.006314125,global_h4
log1p_rainfall,0.0,global_h4
log1p_hotspot_count,0.0,global_h4
log1p_hotspot_frp_sum,0.0,global_h4
pm25_lag_1,0.003492863,global_h4
pm25_lag_2,0.0027477252,global_h4
pm25_lag_3,0.001144685,global_h4
pm25_lag_7,0.005373542,global_h4
pm25_lag_14,0.0069773104,global_h4
temperature_avg_lag_1,0.0006583241,global_h4
temperature_avg_lag_3,0.00043715673,global_h4
temperature_avg_lag_7,0.0017821245,global_h4
humidity_avg_lag_1,0.0,global_h4
humidity_avg_lag_3,0.0,global_h4
humidity_avg_lag_7,0.0,global_h4
pressure_avg_lag_1,0.0,global_h4
pressure_avg_lag_3,0.0014582387,global_h4
pressure_avg_lag_7,0.0036251443,global_h4
wind_speed_avg_lag_1,0.00083779084,global_h4
wind_speed_avg_lag_3,0.0,global_h4
wind_speed_avg_lag_7,0.0007558229,global_h4
rainfall_lag_1,0.0,global_h4
rainfall_lag_3,0.0,global_h4
rainfall_lag_7,0.0,global_h4
hotspot_count_lag_1,0.0,global_h4
hotspot_count_lag_3,0.0,global_h4
hotspot_count_lag_7,0.0016193474,global_h4
hotspot_frp_sum_lag_1,0.0,global_h4
hotspot_frp_sum_lag_3,0.0008683178,global_h4
hotspot_frp_sum_lag_7,0.0,global_h4
pm25_roll_mean_3d,0.23184246,global_h4
pm25_roll_mean_7d,0.040298726,global_h4
pm25_roll_mean_14d,0.14847454,global_h4
pm25_roll_std_3d,0.0025679755,global_h4
pm25_roll_std_7d,0.0028734796,global_h4
pm25_roll_min_7d,0.0048003336,global_h4
pm25_roll_max_7d,0.14197187,global_h4
temperature_avg_roll_mean_3d,0.0019958462,global_h4
temperature_avg_roll_mean_7d,0.00045660706,global_h4
humidity_avg_roll_mean_3d,0.0,global_h4
humidity_avg_roll_mean_7d,0.0,global_h4
pressure_avg_roll_mean_3d,0.0027651363,global_h4
pressure_avg_roll_mean_7d,0.0011955976,global_h4
wind_speed_avg_roll_mean_3d,0.00027092494,global_h4
wind_speed_avg_roll_mean_7d,0.0,global_h4
rainfall_roll_sum_3d,0.0,global_h4
rainfall_roll_sum_7d,0.0,global_h4
rainfall_roll_sum_14d,0.00036450167,global_h4
rain_days_7d,0.0,global_h4
hotspot_count_roll_sum_3d,0.0,global_h4
hotspot_count_roll_sum_7d,0.0012984916,global_h4
hotspot_frp_sum_roll_sum_3d,7.711185e-05,global_h4
hotspot_frp_sum_roll_sum_7d,0.0,global_h4
hotspot_active_days_7d,0.0,global_h4
pm25_diff_1d,0.006015731,global_h4
pm25_diff_3d,0.004714578,global_h4
temperature_avg_diff_1d,0.0009599864,global_h4
humidity_avg_diff_1d,0.0010830167,global_h4
pressure_avg_diff_1d,0.0030210714,global_h4
wind_speed_avg_diff_1d,0.0,global_h4
hotspot_count_diff_1d,0.00033018217,global_h4
co_mean_ugm3,0.001037586,global_h4
co_8h_max_ugm3,0.0,global_h4
aod500_mean,0.0021057464,global_h4
co_mean_ugm3_lag_1,0.0012809766,global_h4
co_mean_ugm3_lag_3,0.0,global_h4
co_mean_ugm3_lag_7,0.0024013617,global_h4
co_8h_max_ugm3_lag_1,0.000986612,global_h4
co_8h_max_ugm3_lag_3,0.0,global_h4
co_8h_max_ugm3_lag_7,0.0012560539,global_h4
aod500_mean_lag_1,0.0047679893,global_h4
aod500_mean_lag_3,0.0013782134,global_h4
aod500_mean_lag_7,0.0021222774,global_h4
co_mean_ugm3_roll_mean_3d,0.0011678094,global_h4
co_mean_ugm3_roll_mean_7d,0.0027295083,global_h4
co_8h_max_ugm3_roll_mean_3d,0.0,global_h4
co_8h_max_ugm3_roll_mean_7d,0.0,global_h4
aod500_mean_roll_mean_3d,0.0026871916,global_h4
aod500_mean_roll_mean_7d,0.0038110358,global_h4
co_mean_ugm3_diff_1d,0.0012543217,global_h4
co_mean_ugm3_missing,0.0,global_h4
co_8h_max_ugm3_missing,0.0,global_h4
aod500_mean_missing,0.0,global_h4
station_id_code,0.0,global_h4
lat,0.013344812,global_h5
long,0.0021278257,global_h5
pm25,0.042629573,global_h5
wind_speed_avg,0.002616691,global_h5
wind_speed_max,0.000634662,global_h5
temperature_avg,0.0036816096,global_h5
temperature_min,0.013478356,global_h5
temperature_max,0.0017534755,global_h5
rainfall,0.00093715236,global_h5
pressure_avg,0.0008483361,global_h5
pressure_min,0.0015747875,global_h5
pressure_max,0.0,global_h5
humidity_avg,0.013522034,global_h5
humidity_min,0.030960806,global_h5
humidity_max,0.005647002,global_h5
sunshine_duration,0.0,global_h5
wind_direction_avg_sin,0.0003195428,global_h5
wind_direction_avg_cos,0.0008582223,global_h5
wind_direction_at_max_speed_sin,2.4367815e-05,global_h5
wind_direction_at_max_speed_cos,0.00024666218,global_h5
hotspot_count,0.019431027,global_h5
hotspot_frp_sum,0.002086598,global_h5
hotspot_day,0.0,global_h5
hotspot_night,0.015459273,global_h5
hotspot_conf_low,0.009716257,global_h5
hotspot_conf_nominal,0.022300845,global_h5
hotspot_conf_high,0.0,global_h5
hotspot_fire_farming_count,0.0,global_h5
hotspot_fire_wildfire_count,0.012089381,global_h5
hotspot_frp_max,0.00017548387,global_h5
hotspot_frp_mean,0.0032292758,global_h5
hotspot_min_distance_km,0.0,global_h5
hotspot_present,0.0,global_h5
year_index,0.008887815,global_h5
dow_sin,0.0025452343,global_h5
dow_cos,0.0024778591,global_h5
month_sin,0.005526256,global_h5
month_cos,0.02231345,global_h5
doy_sin,0.009395436,global_h5
doy_cos,0.008265078,global_h5
temperature_range,0.0014360095,global_h5
humidity_range,0.0012601451,global_h5
pressure_range,0.004229678,global_h5
rain_event,0.0,global_h5
hotspot_day_ratio,0.0049195886,global_h5
hotspot_night_ratio,0.016715225,global_h5
log1p_rainfall,0.0,global_h5
log1p_hotspot_count,0.0,global_h5
log1p_hotspot_frp_sum,0.0033457726,global_h5
pm25_lag_1,0.0027530282,global_h5
pm25_lag_2,0.0019383841,global_h5
pm25_lag_3,0.0029405563,global_h5
pm25_lag_7,0.0024027128,global_h5
pm25_lag_14,0.007933791,global_h5
temperature_avg_lag_1,0.0010228698,global_h5
temperature_avg_lag_3,0.0034974802,global_h5
temperature_avg_lag_7,0.0026774798,global_h5
humidity_avg_lag_1,0.0029795598,global_h5
humidity_avg_lag_3,0.0012632819,global_h5
humidity_avg_lag_7,0.005230016,global_h5
pressure_avg_lag_1,0.0011822351,global_h5
pressure_avg_lag_3,0.0034369747,global_h5
pressure_avg_lag_7,0.010312465,global_h5
wind_speed_avg_lag_1,0.0014188018,global_h5
wind_speed_avg_lag_3,0.0,global_h5
wind_speed_avg_lag_7,0.0010515124,global_h5
rainfall_lag_1,0.0,global_h5
rainfall_lag_3,0.0,global_h5
rainfall_lag_7,0.0,global_h5
hotspot_count_lag_1,0.00091376685,global_h5
hotspot_count_lag_3,0.0030193597,global_h5
hotspot_count_lag_7,0.0018494041,global_h5
hotspot_frp_sum_lag_1,0.0,global_h5
hotspot_frp_sum_lag_3,0.0,global_h5
hotspot_frp_sum_lag_7,0.00065214484,global_h5
pm25_roll_mean_3d,0.02448152,global_h5
pm25_roll_mean_7d,0.06922028,global_h5
pm25_roll_mean_14d,0.18486778,global_h5
pm25_roll_std_3d,0.0032072656,global_h5
pm25_roll_std_7d,0.0039220937,global_h5
pm25_roll_min_7d,0.005150757,global_h5
pm25_roll_max_7d,0.19020689,global_h5
temperature_avg_roll_mean_3d,0.004642134,global_h5
temperature_avg_roll_mean_7d,0.004232193,global_h5
humidity_avg_roll_mean_3d,0.00864306,global_h5
humidity_avg_roll_mean_7d,0.0010315622,global_h5
pressure_avg_roll_mean_3d,0.0005670425,global_h5
pressure_avg_roll_mean_7d,0.004015357,global_h5
wind_speed_avg_roll_mean_3d,0.0019197187,global_h5
wind_speed_avg_roll_mean_7d,0.0,global_h5
rainfall_roll_sum_3d,0.002003346,global_h5
rainfall_roll_sum_7d,0.0,global_h5
rainfall_roll_sum_14d,0.0023890703,global_h5
rain_days_7d,0.0,global_h5
hotspot_count_roll_sum_3d,0.03357733,global_h5
hotspot_count_roll_sum_7d,0.0025508208,global_h5
hotspot_frp_sum_roll_sum_3d,0.0016344241,global_h5
hotspot_frp_sum_roll_sum_7d,0.0022446876,global_h5
hotspot_active_days_7d,0.0012373001,global_h5
pm25_diff_1d,0.0025417858,global_h5
pm25_diff_3d,0.002652911,global_h5
temperature_avg_diff_1d,0.0015274581,global_h5
humidity_avg_diff_1d,0.0013723328,global_h5
pressure_avg_diff_1d,0.0028970207,global_h5
wind_speed_avg_diff_1d,0.0,global_h5
hotspot_count_diff_1d,0.0013607949,global_h5
co_mean_ugm3,0.0025230818,global_h5
co_8h_max_ugm3,0.0005661135,global_h5
aod500_mean,0.0041387347,global_h5
co_mean_ugm3_lag_1,0.0017231066,global_h5
co_mean_ugm3_lag_3,0.003297071,global_h5
co_mean_ugm3_lag_7,0.002745517,global_h5
co_8h_max_ugm3_lag_1,0.0012915554,global_h5
co_8h_max_ugm3_lag_3,0.00061323965,global_h5
co_8h_max_ugm3_lag_7,0.0021405257,global_h5
aod500_mean_lag_1,0.0071725957,global_h5
aod500_mean_lag_3,0.0010696905,global_h5
aod500_mean_lag_7,0.003731779,global_h5
co_mean_ugm3_roll_mean_3d,0.0032723509,global_h5
co_mean_ugm3_roll_mean_7d,0.004236045,global_h5
co_8h_max_ugm3_roll_mean_3d,0.001445641,global_h5
co_8h_max_ugm3_roll_mean_7d,0.0010943494,global_h5
aod500_mean_roll_mean_3d,0.0079690255,global_h5
aod500_mean_roll_mean_7d,0.01432537,global_h5
co_mean_ugm3_diff_1d,0.0019000857,global_h5
co_mean_ugm3_missing,0.0,global_h5
co_8h_max_ugm3_missing,0.0,global_h5
aod500_mean_missing,0.0,global_h5
station_id_code,0.0011597265,global_h5
lat,0.013127238,global_h6
long,0.0018873911,global_h6
pm25,0.043711048,global_h6
wind_speed_avg,0.0,global_h6
wind_speed_max,0.0,global_h6
temperature_avg,0.0027071098,global_h6
temperature_min,0.012126865,global_h6
temperature_max,0.002593549,global_h6
rainfall,0.0,global_h6
pressure_avg,0.010156518,global_h6
pressure_min,0.0010379009,global_h6
pressure_max,0.0027564624,global_h6
humidity_avg,0.010899428,global_h6
humidity_min,0.013048516,global_h6
humidity_max,0.0023762276,global_h6
sunshine_duration,0.0,global_h6
wind_direction_avg_sin,0.0,global_h6
wind_direction_avg_cos,0.0,global_h6
wind_direction_at_max_speed_sin,0.0,global_h6
wind_direction_at_max_speed_cos,0.0,global_h6
hotspot_count,0.0,global_h6
hotspot_frp_sum,0.0029890994,global_h6
hotspot_day,0.0,global_h6
hotspot_night,0.010027525,global_h6
hotspot_conf_low,0.0037899315,global_h6
hotspot_conf_nominal,0.0018626924,global_h6
hotspot_conf_high,0.0,global_h6
hotspot_fire_farming_count,0.0,global_h6
hotspot_fire_wildfire_count,0.0,global_h6
hotspot_frp_max,0.0,global_h6
hotspot_frp_mean,0.0,global_h6
hotspot_min_distance_km,0.0,global_h6
hotspot_present,0.0,global_h6
year_index,0.010321706,global_h6
dow_sin,0.0017785736,global_h6
dow_cos,0.000555257,global_h6
month_sin,0.0050471993,global_h6
month_cos,0.026668461,global_h6
doy_sin,0.008858334,global_h6
doy_cos,0.0103889555,global_h6
temperature_range,0.005072857,global_h6
humidity_range,0.0012882984,global_h6
pressure_range,0.006534709,global_h6
rain_event,0.0,global_h6
hotspot_day_ratio,0.02339268,global_h6
hotspot_night_ratio,0.023595912,global_h6
log1p_rainfall,0.0,global_h6
log1p_hotspot_count,0.0,global_h6
log1p_hotspot_frp_sum,0.0033540134,global_h6
pm25_lag_1,0.0009499981,global_h6
pm25_lag_2,0.00116793,global_h6
pm25_lag_3,0.0038214957,global_h6
pm25_lag_7,0.01352037,global_h6
pm25_lag_14,0.008671174,global_h6
temperature_avg_lag_1,0.012094418,global_h6
temperature_avg_lag_3,0.0017644061,global_h6
temperature_avg_lag_7,0.0022299774,global_h6
humidity_avg_lag_1,0.0033979195,global_h6
humidity_avg_lag_3,0.0,global_h6
humidity_avg_lag_7,0.0040618894,global_h6
pressure_avg_lag_1,0.0023674371,global_h6
pressure_avg_lag_3,0.006769883,global_h6
pressure_avg_lag_7,0.008717773,global_h6
wind_speed_avg_lag_1,0.0,global_h6
wind_speed_avg_lag_3,0.0,global_h6
wind_speed_avg_lag_7,0.0,global_h6
rainfall_lag_1,0.0,global_h6
rainfall_lag_3,0.0,global_h6
rainfall_lag_7,0.0,global_h6
hotspot_count_lag_1,0.0,global_h6
hotspot_count_lag_3,0.0018796088,global_h6
hotspot_count_lag_7,0.0015776858,global_h6
hotspot_frp_sum_lag_1,0.0,global_h6
hotspot_frp_sum_lag_3,0.0008930736,global_h6
hotspot_frp_sum_lag_7,0.0,global_h6
pm25_roll_mean_3d,0.05084457,global_h6
pm25_roll_mean_7d,0.106018096,global_h6
pm25_roll_mean_14d,0.12651935,global_h6
pm25_roll_std_3d,0.0034214575,global_h6
pm25_roll_std_7d,0.0037026072,global_h6
pm25_roll_min_7d,0.0035700751,global_h6
pm25_roll_max_7d,0.269121,global_h6
temperature_avg_roll_mean_3d,0.008938383,global_h6
temperature_avg_roll_mean_7d,0.005651302,global_h6
humidity_avg_roll_mean_3d,0.003647923,global_h6
humidity_avg_roll_mean_7d,0.0,global_h6
pressure_avg_roll_mean_3d,0.0022622726,global_h6
pressure_avg_roll_mean_7d,0.0077360854,global_h6
wind_speed_avg_roll_mean_3d,0.0,global_h6
wind_speed_avg_roll_mean_7d,0.0,global_h6
rainfall_roll_sum_3d,0.0,global_h6
rainfall_roll_sum_7d,0.0,global_h6
rainfall_roll_sum_14d,0.0,global_h6
rain_days_7d,0.0,global_h6
hotspot_count_roll_sum_3d,0.0073089204,global_h6
hotspot_count_roll_sum_7d,0.0030868258,global_h6
hotspot_frp_sum_roll_sum_3d,0.0,global_h6
hotspot_frp_sum_roll_sum_7d,0.0,global_h6
hotspot_active_days_7d,0.0,global_h6
pm25_diff_1d,0.0027374073,global_h6
pm25_diff_3d,0.002432332,global_h6
temperature_avg_diff_1d,0.0,global_h6
humidity_avg_diff_1d,7.744961e-05,global_h6
pressure_avg_diff_1d,0.0026903236,global_h6
wind_speed_avg_diff_1d,0.0,global_h6
hotspot_count_diff_1d,0.0,global_h6
co_mean_ugm3,0.002120155,global_h6
co_8h_max_ugm3,0.0,global_h6
aod500_mean,0.0048846123,global_h6
co_mean_ugm3_lag_1,0.00048702338,global_h6
co_mean_ugm3_lag_3,0.0035426007,global_h6
co_mean_ugm3_lag_7,0.0034229804,global_h6
co_8h_max_ugm3_lag_1,0.0,global_h6
co_8h_max_ugm3_lag_3,0.0008012138,global_h6
co_8h_max_ugm3_lag_7,0.0027407464,global_h6
aod500_mean_lag_1,0.00617054,global_h6
aod500_mean_lag_3,0.0,global_h6
aod500_mean_lag_7,0.004673722,global_h6
co_mean_ugm3_roll_mean_3d,0.0010182491,global_h6
co_mean_ugm3_roll_mean_7d,0.008276625,global_h6
co_8h_max_ugm3_roll_mean_3d,0.0,global_h6
co_8h_max_ugm3_roll_mean_7d,0.0,global_h6
aod500_mean_roll_mean_3d,0.0060358276,global_h6
aod500_mean_roll_mean_7d,0.008735804,global_h6
co_mean_ugm3_diff_1d,0.0014840408,global_h6
co_mean_ugm3_missing,0.0,global_h6
co_8h_max_ugm3_missing,0.0,global_h6
aod500_mean_missing,0.0,global_h6
station_id_code,0.0,global_h6
lat,0.018097164,global_h7
long,0.0031752456,global_h7
pm25,0.006402687,global_h7
wind_speed_avg,0.0018351997,global_h7
wind_speed_max,0.0045140777,global_h7
temperature_avg,0.008178309,global_h7
temperature_min,0.023012675,global_h7
temperature_max,0.0016787268,global_h7
rainfall,0.0,global_h7
pressure_avg,0.002130342,global_h7
pressure_min,0.0017794303,global_h7
pressure_max,0.0012707044,global_h7
humidity_avg,0.017793946,global_h7
humidity_min,0.0,global_h7
humidity_max,0.001774658,global_h7
sunshine_duration,0.0,global_h7
wind_direction_avg_sin,0.0021373816,global_h7
wind_direction_avg_cos,0.00077215006,global_h7
wind_direction_at_max_speed_sin,0.00033800778,global_h7
wind_direction_at_max_speed_cos,0.0012077503,global_h7
hotspot_count,0.0008794277,global_h7
hotspot_frp_sum,0.0,global_h7
hotspot_day,0.0,global_h7
hotspot_night,0.0046495283,global_h7
hotspot_conf_low,0.0,global_h7
hotspot_conf_nominal,0.0,global_h7
hotspot_conf_high,0.0,global_h7
hotspot_fire_farming_count,0.0,global_h7
hotspot_fire_wildfire_count,0.0011308355,global_h7
hotspot_frp_max,0.001069002,global_h7
hotspot_frp_mean,0.002021945,global_h7
hotspot_min_distance_km,0.0006511321,global_h7
hotspot_present,0.0,global_h7
year_index,0.015418822,global_h7
dow_sin,0.0017988092,global_h7
dow_cos,0.0013489081,global_h7
month_sin,0.010280199,global_h7
month_cos,0.041450813,global_h7
doy_sin,0.0102263475,global_h7
doy_cos,0.010520986,global_h7
temperature_range,0.0016171319,global_h7
humidity_range,0.0014335575,global_h7
pressure_range,0.0049114116,global_h7
rain_event,0.0,global_h7
hotspot_day_ratio,0.00092667394,global_h7
hotspot_night_ratio,0.012268615,global_h7
log1p_rainfall,0.0,global_h7
log1p_hotspot_count,0.0,global_h7
log1p_hotspot_frp_sum,9.352468e-05,global_h7
pm25_lag_1,0.0020690437,global_h7
pm25_lag_2,0.0044517703,global_h7
pm25_lag_3,0.0015959224,global_h7
pm25_lag_7,0.011332688,global_h7
pm25_lag_14,0.007196226,global_h7
temperature_avg_lag_1,0.003345447,global_h7
temperature_avg_lag_3,0.0016992105,global_h7
temperature_avg_lag_7,0.0026654867,global_h7
humidity_avg_lag_1,0.004529303,global_h7
humidity_avg_lag_3,0.0,global_h7
humidity_avg_lag_7,0.0017298309,global_h7
pressure_avg_lag_1,0.003325215,global_h7
pressure_avg_lag_3,0.003394749,global_h7
pressure_avg_lag_7,0.0034364562,global_h7
wind_speed_avg_lag_1,0.0016066894,global_h7
wind_speed_avg_lag_3,0.00061600585,global_h7
wind_speed_avg_lag_7,0.0020431636,global_h7
rainfall_lag_1,0.0,global_h7
rainfall_lag_3,0.0,global_h7
rainfall_lag_7,0.0008189605,global_h7
hotspot_count_lag_1,0.0016849368,global_h7
hotspot_count_lag_3,0.002033739,global_h7
hotspot_count_lag_7,0.00083870435,global_h7
hotspot_frp_sum_lag_1,0.0,global_h7
hotspot_frp_sum_lag_3,0.0028353552,global_h7
hotspot_frp_sum_lag_7,0.000893901,global_h7
pm25_roll_mean_3d,0.07371292,global_h7
pm25_roll_mean_7d,0.08009635,global_h7
pm25_roll_mean_14d,0.11575576,global_h7
pm25_roll_std_3d,0.0038706963,global_h7
pm25_roll_std_7d,0.0034306685,global_h7
pm25_roll_min_7d,0.0056418944,global_h7
pm25_roll_max_7d,0.2699062,global_h7
temperature_avg_roll_mean_3d,0.0052290163,global_h7
temperature_avg_roll_mean_7d,0.0037419621,global_h7
humidity_avg_roll_mean_3d,0.032273687,global_h7
humidity_avg_roll_mean_7d,0.0025303906,global_h7
pressure_avg_roll_mean_3d,0.0034396823,global_h7
pressure_avg_roll_mean_7d,0.021708583,global_h7
wind_speed_avg_roll_mean_3d,0.0017609419,global_h7
wind_speed_avg_roll_mean_7d,0.0016602695,global_h7
rainfall_roll_sum_3d,0.0011926971,global_h7
rainfall_roll_sum_7d,0.00018873271,global_h7
rainfall_roll_sum_14d,0.0012645416,global_h7
rain_days_7d,0.0007981722,global_h7
hotspot_count_roll_sum_3d,0.003969373,global_h7
hotspot_count_roll_sum_7d,0.0038170246,global_h7
hotspot_frp_sum_roll_sum_3d,0.0020832452,global_h7
hotspot_frp_sum_roll_sum_7d,0.0006549763,global_h7
hotspot_active_days_7d,0.001893957,global_h7
pm25_diff_1d,0.0028119767,global_h7
pm25_diff_3d,0.0018213816,global_h7
temperature_avg_diff_1d,0.0009023874,global_h7
humidity_avg_diff_1d,0.00078608334,global_h7
pressure_avg_diff_1d,0.0027080262,global_h7
wind_speed_avg_diff_1d,0.000776786,global_h7
hotspot_count_diff_1d,0.0017446937,global_h7
co_mean_ugm3,0.001470405,global_h7
co_8h_max_ugm3,0.0003203076,global_h7
aod500_mean,0.008765281,global_h7
co_mean_ugm3_lag_1,0.0031781613,global_h7
co_mean_ugm3_lag_3,0.0017858503,global_h7
co_mean_ugm3_lag_7,0.004177394,global_h7
co_8h_max_ugm3_lag_1,0.0015487174,global_h7
co_8h_max_ugm3_lag_3,0.0010416408,global_h7
co_8h_max_ugm3_lag_7,0.002976338,global_h7
aod500_mean_lag_1,0.0014922171,global_h7
aod500_mean_lag_3,0.0026372136,global_h7
aod500_mean_lag_7,0.010192784,global_h7
co_mean_ugm3_roll_mean_3d,0.004995664,global_h7
co_mean_ugm3_roll_mean_7d,0.0071107717,global_h7
co_8h_max_ugm3_roll_mean_3d,0.0013131866,global_h7
co_8h_max_ugm3_roll_mean_7d,0.0011696065,global_h7
aod500_mean_roll_mean_3d,0.001474259,global_h7
aod500_mean_roll_mean_7d,0.0073273387,global_h7
co_mean_ugm3_diff_1d,0.0015084412,global_h7
co_mean_ugm3_missing,0.0,global_h7
co_8h_max_ugm3_missing,0.0,global_h7
aod500_mean_missing,0.0,global_h7
station_id_code,0.0004024136,global_h7
